,AD_HD,AD_PD,HD_PD,AD_HD_PD,,,,
1,CLEC4F,CLEC4F,CLEC4F,CLEC4F,,,,
2,LINC00898,LINC00898,LINC00898,LINC00898,,,,
3,LOC101929719,LOC101929719,LOC101929719,LOC101929719,,,,
4,MAS1,MAS1,MAS1,MAS1,,,,
5,SLC6A5,SLC6A5,SLC6A5,SLC6A5,,AD_HD,AD_PD,HD_PD
6,PPEF1,PPEF1,PPEF1,PPEF1,,274,274,274
7,LOC100506274,LOC100506274,LOC100506274,LOC100506274,,172,605,1451
8,ALB,ALB,ALB,ALB,,446,879,1725
9,TAC1,TAC1,TAC1,TAC1,,,,
10,RPH3A,RPH3A,RPH3A,RPH3A,,AD,HD,PD
11,ALOX12B,ALOX12B,ALOX12B,ALOX12B,,753,2440,5007
12,SOWAHB,SOWAHB,SOWAHB,SOWAHB,,172,172,605
13,TPH1,TPH1,TPH1,TPH1,,274,274,274
14,MYLK2,MYLK2,MYLK2,MYLK2,,605,1451,1451
15,ADRA1D,ADRA1D,ADRA1D,ADRA1D,,1804,4337,7337
16,FBLN7,FBLN7,FBLN7,FBLN7,,,,
17,LINC00943,LINC00943,LINC00943,LINC00943,,,,
18,ARL4D,ARL4D,ARL4D,ARL4D,,,,
19,PRMT8,PRMT8,PRMT8,PRMT8,,,,
20,HHLA2,HHLA2,HHLA2,HHLA2,,,,
21,SPRED3,SPRED3,SPRED3,SPRED3,,,,
22,CLDN16,CLDN16,CLDN16,CLDN16,,,,
23,LYRM9,LYRM9,LYRM9,LYRM9,,,,
24,SPDEF,SPDEF,SPDEF,SPDEF,,,,
25,RBM3,RBM3,RBM3,RBM3,,,,
26,CRYM,CRYM,CRYM,CRYM,,,,
27,SYP,SYP,SYP,SYP,,,,
28,LPA,LPA,LPA,LPA,,,,
29,HMGCS1,HMGCS1,HMGCS1,HMGCS1,,,,
30,LRRC73,LRRC73,LRRC73,LRRC73,,,,
31,PCYOX1L,PCYOX1L,PCYOX1L,PCYOX1L,,,,
32,CCKBR,CCKBR,CCKBR,CCKBR,,,,
33,RIIAD1,RIIAD1,RIIAD1,RIIAD1,,,,
34,WNT1,WNT1,WNT1,WNT1,,,,
35,CHRM4,CHRM4,CHRM4,CHRM4,,,,
36,SVOP,SVOP,SVOP,SVOP,,,,
37,LOC102724532,LOC102724532,LOC102724532,LOC102724532,,,,
38,LRTM2,LRTM2,LRTM2,LRTM2,,,,
39,F7,F7,F7,F7,,,,
40,ZNF449,ZNF449,ZNF449,ZNF449,,,,
41,C2orf16,C2orf16,C2orf16,C2orf16,,,,
42,ZNF860,ZNF860,ZNF860,ZNF860,,,,
43,KCNF1,KCNF1,KCNF1,KCNF1,,,,
44,SMIM10L2B,SMIM10L2B,SMIM10L2B,SMIM10L2B,,,,
45,SCN11A,SCN11A,SCN11A,SCN11A,,,,
46,TARBP1,TARBP1,TARBP1,TARBP1,,,,
47,DIRAS1,DIRAS1,DIRAS1,DIRAS1,,,,
48,SYT12,SYT12,SYT12,SYT12,,,,
49,SLC6A17,SLC6A17,SLC6A17,SLC6A17,,,,
50,C17orf107,C17orf107,C17orf107,C17orf107,,,,
51,KREMEN2,KREMEN2,KREMEN2,KREMEN2,,,,
52,RSAD2,RSAD2,RSAD2,RSAD2,,,,
53,SMIM10L2A,SMIM10L2A,SMIM10L2A,SMIM10L2A,,,,
54,PCP4L1,PCP4L1,PCP4L1,PCP4L1,,,,
55,SPEF1,SPEF1,SPEF1,SPEF1,,,,
56,CLSTN3,CLSTN3,CLSTN3,CLSTN3,,,,
57,GPCPD1,GPCPD1,GPCPD1,GPCPD1,,,,
58,ANXA6,ANXA6,ANXA6,ANXA6,,,,
59,NRSN2,NRSN2,NRSN2,NRSN2,,,,
60,CALM3,CALM3,CALM3,CALM3,,,,
61,PNPLA3,PNPLA3,PNPLA3,PNPLA3,,,,
62,ZNF596,ZNF596,ZNF596,ZNF596,,,,
63,GPRASP1,GPRASP1,GPRASP1,GPRASP1,,,,
64,RNF165,RNF165,RNF165,RNF165,,,,
65,EXOC3L1,EXOC3L1,EXOC3L1,EXOC3L1,,,,
66,RELL2,RELL2,RELL2,RELL2,,,,
67,NCR3LG1,NCR3LG1,NCR3LG1,NCR3LG1,,,,
68,CCDC113,CCDC113,CCDC113,CCDC113,,,,
69,CHRNB2,CHRNB2,CHRNB2,CHRNB2,,,,
70,GABARAPL1,GABARAPL1,GABARAPL1,GABARAPL1,,,,
71,TECTA,TECTA,TECTA,TECTA,,,,
72,CYP2E1,CYP2E1,CYP2E1,CYP2E1,,,,
73,SLC45A1,SLC45A1,SLC45A1,SLC45A1,,,,
74,FAM131A,FAM131A,FAM131A,FAM131A,,,,
75,TMEM241,TMEM241,TMEM241,TMEM241,,,,
76,COPS7A,COPS7A,COPS7A,COPS7A,,,,
77,PPME1,PPME1,PPME1,PPME1,,,,
78,GSS,GSS,GSS,GSS,,,,
79,NRIP3,NRIP3,NRIP3,NRIP3,,,,
80,NRXN3,NRXN3,NRXN3,NRXN3,,,,
81,EFR3B,EFR3B,EFR3B,EFR3B,,,,
82,SPCS1,SPCS1,SPCS1,SPCS1,,,,
83,ACP2,ACP2,ACP2,ACP2,,,,
84,TMEM169,TMEM169,TMEM169,TMEM169,,,,
85,RASGRF1,RASGRF1,RASGRF1,RASGRF1,,,,
86,NAPA,NAPA,NAPA,NAPA,,,,
87,NIPSNAP1,NIPSNAP1,NIPSNAP1,NIPSNAP1,,,,
88,CES2,CES2,CES2,CES2,,,,
89,FBXO16,FBXO16,FBXO16,FBXO16,,,,
90,MED29,MED29,MED29,MED29,,,,
91,BDH1,BDH1,BDH1,BDH1,,,,
92,EML6,EML6,EML6,EML6,,,,
93,RNFT2,RNFT2,RNFT2,RNFT2,,,,
94,PSMB2,PSMB2,PSMB2,PSMB2,,,,
95,DDB1,DDB1,DDB1,DDB1,,,,
96,COG1,COG1,COG1,COG1,,,,
97,HGSNAT,HGSNAT,HGSNAT,HGSNAT,,,,
98,NEU3,NEU3,NEU3,NEU3,,,,
99,CHP1,CHP1,CHP1,CHP1,,,,
100,LETMD1,LETMD1,LETMD1,LETMD1,,,,
101,FBXO9,FBXO9,FBXO9,FBXO9,,,,
102,WDR46,WDR46,WDR46,WDR46,,,,
103,CD99L2,CD99L2,CD99L2,CD99L2,,,,
104,ACLY,ACLY,ACLY,ACLY,,,,
105,EIF4H,EIF4H,EIF4H,EIF4H,,,,
106,ZCCHC17,ZCCHC17,ZCCHC17,ZCCHC17,,,,
107,PITPNA,PITPNA,PITPNA,PITPNA,,,,
108,MRPL30,MRPL30,MRPL30,MRPL30,,,,
109,ST3GAL3,ST3GAL3,ST3GAL3,ST3GAL3,,,,
110,IMMT,IMMT,IMMT,IMMT,,,,
111,PNPO,PNPO,PNPO,PNPO,,,,
112,DHX57,DHX57,DHX57,DHX57,,,,
113,PCNX2,PCNX2,PCNX2,PCNX2,,,,
114,MECR,MECR,MECR,MECR,,,,
115,MRPS25,MRPS25,MRPS25,MRPS25,,,,
116,BBS5,BBS5,BBS5,BBS5,,,,
117,TRIM9,TRIM9,TRIM9,TRIM9,,,,
118,NICN1,NICN1,NICN1,NICN1,,,,
119,MRPS5,MRPS5,MRPS5,MRPS5,,,,
120,PPP4R3A,PPP4R3A,PPP4R3A,PPP4R3A,,,,
121,HDGF,HDGF,HDGF,HDGF,,,,
122,PTPN21,PTPN21,PTPN21,PTPN21,,,,
123,EXOG,EXOG,EXOG,EXOG,,,,
124,TRIM4,TRIM4,TRIM4,TRIM4,,,,
125,ZMYND8,ZMYND8,ZMYND8,ZMYND8,,,,
126,UNC119B,UNC119B,UNC119B,UNC119B,,,,
127,RBM17,RBM17,RBM17,RBM17,,,,
128,RELA,RELA,RELA,RELA,,,,
129,HNRNPH3,HNRNPH3,HNRNPH3,HNRNPH3,,,,
130,ZNF32,ZNF32,ZNF32,ZNF32,,,,
131,ZBTB34,ZBTB34,ZBTB34,ZBTB34,,,,
132,PSPH,PSPH,PSPH,PSPH,,,,
133,NFKB1,NFKB1,NFKB1,NFKB1,,,,
134,COLGALT1,COLGALT1,COLGALT1,COLGALT1,,,,
135,PPP1CC,PPP1CC,PPP1CC,PPP1CC,,,,
136,SNHG3,SNHG3,SNHG3,SNHG3,,,,
137,ZHX3,ZHX3,ZHX3,ZHX3,,,,
138,ZNF143,ZNF143,ZNF143,ZNF143,,,,
139,AUP1,AUP1,AUP1,AUP1,,,,
140,ITPRIP,ITPRIP,ITPRIP,ITPRIP,,,,
141,HBP1,HBP1,HBP1,HBP1,,,,
142,TRIM8,TRIM8,TRIM8,TRIM8,,,,
143,TAF3,TAF3,TAF3,TAF3,,,,
144,UBXN2A,UBXN2A,UBXN2A,UBXN2A,,,,
145,IRF2BP2,IRF2BP2,IRF2BP2,IRF2BP2,,,,
146,MOB3C,MOB3C,MOB3C,MOB3C,,,,
147,PNPT1,PNPT1,PNPT1,PNPT1,,,,
148,SIRT1,SIRT1,SIRT1,SIRT1,,,,
149,CTBP2,CTBP2,CTBP2,CTBP2,,,,
150,RAB29,RAB29,RAB29,RAB29,,,,
151,FOXN3,FOXN3,FOXN3,FOXN3,,,,
152,STK38,STK38,STK38,STK38,,,,
153,HP1BP3,HP1BP3,HP1BP3,HP1BP3,,,,
154,FANCE,FANCE,FANCE,FANCE,,,,
155,PPM1D,PPM1D,PPM1D,PPM1D,,,,
156,CCDC69,CCDC69,CCDC69,CCDC69,,,,
157,SYS1,SYS1,SYS1,SYS1,,,,
158,CAPN2,CAPN2,CAPN2,CAPN2,,,,
159,FCHSD2,FCHSD2,FCHSD2,FCHSD2,,,,
160,RHOQ,RHOQ,RHOQ,RHOQ,,,,
161,ATF4,ATF4,ATF4,ATF4,,,,
162,LRP4,LRP4,LRP4,LRP4,,,,
163,PXDC1,PXDC1,PXDC1,PXDC1,,,,
164,MXI1,MXI1,MXI1,MXI1,,,,
165,PAPOLA,PAPOLA,PAPOLA,PAPOLA,,,,
166,GKAP1,GKAP1,GKAP1,GKAP1,,,,
167,PDE4DIP,PDE4DIP,PDE4DIP,PDE4DIP,,,,
168,SMAD4,SMAD4,SMAD4,SMAD4,,,,
169,TSC22D3,TSC22D3,TSC22D3,TSC22D3,,,,
170,ID3,ID3,ID3,ID3,,,,
171,LATS2,LATS2,LATS2,LATS2,,,,
172,CARD8,CARD8,CARD8,CARD8,,,,
173,BANP,BANP,BANP,BANP,,,,
174,TIMELESS,TIMELESS,TIMELESS,TIMELESS,,,,
175,SH2D4A,SH2D4A,SH2D4A,SH2D4A,,,,
176,CALML4,CALML4,CALML4,CALML4,,,,
177,ITGB8,ITGB8,ITGB8,ITGB8,,,,
178,CDK2AP1,CDK2AP1,CDK2AP1,CDK2AP1,,,,
179,RBM48,RBM48,RBM48,RBM48,,,,
180,ITGB5,ITGB5,ITGB5,ITGB5,,,,
181,GMPR,GMPR,GMPR,GMPR,,,,
182,RNASEH2C,RNASEH2C,RNASEH2C,RNASEH2C,,,,
183,BCAR3,BCAR3,BCAR3,BCAR3,,,,
184,CEP152,CEP152,CEP152,CEP152,,,,
185,ANAPC16,ANAPC16,ANAPC16,ANAPC16,,,,
186,TP53I3,TP53I3,TP53I3,TP53I3,,,,
187,SASH1,SASH1,SASH1,SASH1,,,,
188,ZNF69,ZNF69,ZNF69,ZNF69,,,,
189,DNAJB6,DNAJB6,DNAJB6,DNAJB6,,,,
190,KIAA1958,KIAA1958,KIAA1958,KIAA1958,,,,
191,POGK,POGK,POGK,POGK,,,,
192,ARL6IP6,ARL6IP6,ARL6IP6,ARL6IP6,,,,
193,WEE1,WEE1,WEE1,WEE1,,,,
194,HSPB2,HSPB2,HSPB2,HSPB2,,,,
195,IL17RB,IL17RB,IL17RB,IL17RB,,,,
196,CDKN2C,CDKN2C,CDKN2C,CDKN2C,,,,
197,SLC39A11,SLC39A11,SLC39A11,SLC39A11,,,,
198,NYNRIN,NYNRIN,NYNRIN,NYNRIN,,,,
199,STARD10,STARD10,STARD10,STARD10,,,,
200,SNRNP48,SNRNP48,SNRNP48,SNRNP48,,,,
201,MEX3A,MEX3A,MEX3A,MEX3A,,,,
202,FZD9,FZD9,FZD9,FZD9,,,,
203,ANO2,ANO2,ANO2,ANO2,,,,
204,ITGA11,ITGA11,ITGA11,ITGA11,,,,
205,RND2,RND2,RND2,RND2,,,,
206,KANK2,KANK2,KANK2,KANK2,,,,
207,NFKBIA,NFKBIA,NFKBIA,NFKBIA,,,,
208,RFTN2,RFTN2,RFTN2,RFTN2,,,,
209,PROC,PROC,PROC,PROC,,,,
210,TLR5,TLR5,TLR5,TLR5,,,,
211,TRIP10,TRIP10,TRIP10,TRIP10,,,,
212,CPQ,CPQ,CPQ,CPQ,,,,
213,JMJD6,JMJD6,JMJD6,JMJD6,,,,
214,SAMHD1,SAMHD1,SAMHD1,SAMHD1,,,,
215,ATOH8,ATOH8,ATOH8,ATOH8,,,,
216,SPDYA,SPDYA,SPDYA,SPDYA,,,,
217,RGCC,RGCC,RGCC,RGCC,,,,
218,GYS2,GYS2,GYS2,GYS2,,,,
219,DNA2,DNA2,DNA2,DNA2,,,,
220,PRRG4,PRRG4,PRRG4,PRRG4,,,,
221,RAMP2-AS1,RAMP2-AS1,RAMP2-AS1,RAMP2-AS1,,,,
222,AJUBA,AJUBA,AJUBA,AJUBA,,,,
223,CCDC160,CCDC160,CCDC160,CCDC160,,,,
224,SLC25A48,SLC25A48,SLC25A48,SLC25A48,,,,
225,SPACA6P-AS,SPACA6P-AS,SPACA6P-AS,SPACA6P-AS,,,,
226,RCC1,RCC1,RCC1,RCC1,,,,
227,CCDC102A,CCDC102A,CCDC102A,CCDC102A,,,,
228,C21orf62,C21orf62,C21orf62,C21orf62,,,,
229,CCDC151,CCDC151,CCDC151,CCDC151,,,,
230,DDIT4,DDIT4,DDIT4,DDIT4,,,,
231,ITGA10,ITGA10,ITGA10,ITGA10,,,,
232,ANKRD37,ANKRD37,ANKRD37,ANKRD37,,,,
233,COL8A2,COL8A2,COL8A2,COL8A2,,,,
234,REP15,REP15,REP15,REP15,,,,
235,NUPR1,NUPR1,NUPR1,NUPR1,,,,
236,FZD7,FZD7,FZD7,FZD7,,,,
237,TLDC2,TLDC2,TLDC2,TLDC2,,,,
238,FKBP5,FKBP5,FKBP5,FKBP5,,,,
239,SLC38A2,SLC38A2,SLC38A2,SLC38A2,,,,
240,CLDN7,CLDN7,CLDN7,CLDN7,,,,
241,PRKX,PRKX,PRKX,PRKX,,,,
242,SLC5A3,SLC5A3,SLC5A3,SLC5A3,,,,
243,CCNA2,CCNA2,CCNA2,CCNA2,,,,
244,C6orf118,C6orf118,C6orf118,C6orf118,,,,
245,SPINT1,SPINT1,SPINT1,SPINT1,,,,
246,SMTN,SMTN,SMTN,SMTN,,,,
247,SAMD11,SAMD11,SAMD11,SAMD11,,,,
248,KLF15,KLF15,KLF15,KLF15,,,,
249,HIF3A,HIF3A,HIF3A,HIF3A,,,,
250,ALOX15B,ALOX15B,ALOX15B,ALOX15B,,,,
251,LOC101927354,LOC101927354,LOC101927354,LOC101927354,,,,
252,CYP39A1,CYP39A1,CYP39A1,CYP39A1,,,,
253,LINC01108,LINC01108,LINC01108,LINC01108,,,,
254,SCGN,SCGN,SCGN,SCGN,,,,
255,LMNTD2,LMNTD2,LMNTD2,LMNTD2,,,,
256,LBX2,LBX2,LBX2,LBX2,,,,
257,GNRH1,GNRH1,GNRH1,GNRH1,,,,
258,S100A4,S100A4,S100A4,S100A4,,,,
259,ADAMTS2,ADAMTS2,ADAMTS2,ADAMTS2,,,,
260,AKR1C2,AKR1C2,AKR1C2,AKR1C2,,,,
261,LCN6,LCN6,LCN6,LCN6,,,,
262,AZGP1,AZGP1,AZGP1,AZGP1,,,,
263,SLC23A3,SLC23A3,SLC23A3,SLC23A3,,,,
264,OLAH,OLAH,OLAH,OLAH,,,,
265,CXCR2,CXCR2,CXCR2,CXCR2,,,,
266,SH2D3A,SH2D3A,SH2D3A,SH2D3A,,,,
267,CXCR1,CXCR1,CXCR1,CXCR1,,,,
268,SERPINA5,SERPINA5,SERPINA5,SERPINA5,,,,
269,LINC01134,LINC01134,LINC01134,LINC01134,,,,
270,LINC00463,LINC00463,LINC00463,LINC00463,,,,
271,LINC01068,LINC01068,LINC01068,LINC01068,,,,
272,CYP4B1,CYP4B1,CYP4B1,CYP4B1,,,,
273,MIA,MIA,MIA,MIA,,,,
274,NPC1L1,NPC1L1,NPC1L1,NPC1L1,,,,
275,C6orf223,CRH,GACAT3,,,,,
276,CD300LG,VGF,IL17REL,,,,,
277,CD38,IFNA5,TNIP3,,,,,
278,C1orf94,PRTN3,SOST,,,,,
279,LIN28B-AS1,LINC01257,LINC00486,,,,,
280,RP1L1,KRT5,SYT2,,,,,
281,MSC,SLN,LOC153910,,,,,
282,SLC16A6,SST,LINC02487,,,,,
283,PRSS35,ADCYAP1,SYNGR4,,,,,
284,SLC30A3,PCSK1,KRT40,,,,,
285,CPXM1,TCP11,GSDMC,,,,,
286,LINC01310,NEUROD6,C10orf53,,,,,
287,PNMA3,NAT16,LEXM,,,,,
288,IQGAP3,SLC30A8,OR1F1,,,,,
289,INHA,LINC00460,REN,,,,,
290,LMX1B,ABCC12,VSIG8,,,,,
291,OLFM4,LINC01007,CCDC188,,,,,
292,TRIM54,LINC01168,IGFBPL1,,,,,
293,KCNE5,RGS4,GPD1,,,,,
294,TUBB3,DRGX,ANKRD33B,,,,,
295,CPLX1,FREM3,FAM180B,,,,,
296,RAB3A,BAAT,CCKAR,,,,,
297,IL1RL2,GJD2,SH3TC2-DT,,,,,
298,TUBB2A,STAT4,NACA2,,,,,
299,CLEC3B,HSPB3,SEMA3E,,,,,
300,ABCC11,MCHR1,RHO,,,,,
301,CALY,OTOGL,MYLK3,,,,,
302,CASP16P,DUSP4,LOC285766,,,,,
303,CLEC2L,ATOH7,ADTRP,,,,,
304,SLC22A18AS,BEX5,DAO,,,,,
305,EGR1,LOC101929473,TMEFF1,,,,,
306,PRKCG,NEK2,NT5C1A,,,,,
307,TGFBR3L,C17orf102,NUTM2A,,,,,
308,SYT5,C3orf80,RBBP8NL,,,,,
309,SEZ6L2,ZBBX,ENOSF1,,,,,
310,STX1B,NRN1,SV2C,,,,,
311,HTR6,PART1,ATP12A,,,,,
312,HES4,CCDC184,TMEM61,,,,,
313,SDSL,GCNT4,SLC5A1,,,,,
314,ZFR2,SPTSSB,QRFPR,,,,,
315,CDK5R2,MSC-AS1,CFTR,,,,,
316,NOXA1,C1QL3,HTR2C,,,,,
317,SLC22A18,LINC00664,PCDHAC1,,,,,
318,AHNAK2,SEMA3G,HCRTR1,,,,,
319,LYNX1,ANGPTL4,FBN3,,,,,
320,FAM83H,VSNL1,KCNK4-TEX40,,,,,
321,RHCE,SCG2,SPHKAP,,,,,
322,STX1A,TRPA1,SVOPL,,,,,
323,CACNB1,LOC100506271,LINC01359,,,,,
324,IDH2,CHGB,DGCR5,,,,,
325,DNAL4,HTR3B,H1-7,,,,,
326,ASS1,OLFM3,KIRREL2,,,,,
327,SERPINE2,PTPRD-AS2,HR,,,,,
328,OGDHL,MDH1B,OBSCN-AS1,,,,,
329,TUBB4B,KCNV1,PCP4,,,,,
330,ADAM11,PTPRQ,NHSL2,,,,,
331,F5,RFX8,PKLR,,,,,
332,ID2,PCDHGC5,CYP2A6,,,,,
333,LRRC20,LINC01119,COL19A1,,,,,
334,LIMK1,SERTM1,IGSF9B,,,,,
335,ACTG1,BDNF,MPL,,,,,
336,ATP6V1G1,MIR22HG,LINC00870,,,,,
337,TUBB,PAK1,ZSCAN1,,,,,
338,VWA5B2,KMO,LINC02028,,,,,
339,PNKD,PLK4,ARC,,,,,
340,NUMBL,NPTX2,TUSC8,,,,,
341,MPV17L2,TPBGL,LOC101927588,,,,,
342,ADGRA1,KCNB2,ALDH1A1,,,,,
343,TRAPPC1,SNAP25,GOLT1A,,,,,
344,PPDPF,CHML,LINC02175,,,,,
345,GPI,EGR3,SPTB,,,,,
346,CRY2,ENC1,GALR1,,,,,
347,RPL41,NCALD,LINC02418,,,,,
348,WBP2,ANO3,PDF,,,,,
349,USP5,GAP43,RASGRP1,,,,,
350,PIGZ,LINC01166,LPO,,,,,
351,STMN3,BFSP1,CCDC85A,,,,,
352,PRKACA,GNG3,EPX,,,,,
353,DPH2,ZDHHC23,RAB3B,,,,,
354,GPC6,MORN3,SUGT1P4-STRA6LP-CCDC180,,,,,
355,ATP13A2,GABRA1,RIT2,,,,,
356,FNDC4,MCHR2,FAM66B,,,,,
357,GPC1,SLC12A1,GPR45,,,,,
358,EFHD2,DUSP6,CHRM2,,,,,
359,PDE4A,TACR2,CIRBP,,,,,
360,MAPRE3,NAP1L5,LINC02217,,,,,
361,PYGB,PDP1,MASP2,,,,,
362,PCDH1,CAP2,STUM,,,,,
363,COPG1,EGR4,SEZ6,,,,,
364,EMD,FAM81A,SPON2,,,,,
365,MRPL2,ATP2B1-AS1,TM7SF2,,,,,
366,SLC9A1,KAZALD1,PYCR3,,,,,
367,NUCB1,MDH1,UPK2,,,,,
368,ZNF710,ZNF215,NRG1,,,,,
369,GABBR1,IGF1,GPR61,,,,,
370,FRS3,AMIGO2,LINC01844,,,,,
371,ALKBH6,NAP1L2,USP46-DT,,,,,
372,ATP6V0A1,LAMB1,KCNQ2,,,,,
373,CHMP1B,SCG3,LOC107984285,,,,,
374,ITPA,F8,TBC1D8-AS1,,,,,
375,TUBG1,TCEAL5,GSTZ1,,,,,
376,TRIM35,GPR3,CNTN6,,,,,
377,ARPC3,NPTXR,LINC01547,,,,,
378,ARHGDIA,SV2B,ALG1L9P,,,,,
379,ESYT1,ATP6V1G2,WDR88,,,,,
380,VPS33B,HMGB3,FAM86B2,,,,,
381,SLC35A2,EXOC3-AS1,ZNF135,,,,,
382,PGAP3,TRIM36,ERICH6B,,,,,
383,VPS11,COL12A1,FBXL22,,,,,
384,DDX41,PLK2,C19orf48,,,,,
385,TUBG2,COL25A1,TRABD2A,,,,,
386,TXNDC12,SCN3B,PAX7,,,,,
387,CLPTM1,STAT1,BRWD1-AS2,,,,,
388,DHX35,ZNF441,PRPH2,,,,,
389,SLC38A7,PFN2,LRRC75A,,,,,
390,LDB1,HPCA,ZNF324B,,,,,
391,CRIM1,HAPLN1,CFAP61,,,,,
392,GBF1,ARMCX5,NOS1,,,,,
393,PIGS,ABRACL,AP1S3,,,,,
394,TMEM222,SLC39A10,LOC441204,,,,,
395,DNAJC11,ROBO2,CORO2A,,,,,
396,IVD,TTC8,STARD5,,,,,
397,RGP1,KLF10,SNHG9,,,,,
398,HNRNPH1,NMNAT2,TUBA1A,,,,,
399,INTS6,DPP6,NUTM2D,,,,,
400,ZBTB2,MAEL,AZIN2,,,,,
401,TRIM52,COL24A1,TRANK1,,,,,
402,EGLN1,SORCS1,RPS6KL1,,,,,
403,OTUD4,CFAP57,TIMM23B,,,,,
404,UPF2,BEX4,LOC101927468,,,,,
405,PDS5A,RWDD2B,FHAD1,,,,,
406,ZC3H11A,RCAN2,GPR158,,,,,
407,PCF11,LDHA,FREM1,,,,,
408,DEK,BEX2,LINC01664,,,,,
409,ROCK1,FGF12,AMH,,,,,
410,MICAL3,NDUFA5,DIRAS2,,,,,
411,HECA,ATP6V1E1,CALHM1,,,,,
412,A1BG,ACSL6,GPR68,,,,,
413,ALG12,DDX25,FAM156A,,,,,
414,KTN1,FAM162A,TCTE1,,,,,
415,ICE2,ADAM21,SLC1A6,,,,,
416,ZBTB44,CLGN,GAS7,,,,,
417,INTS8,RTN1,TRIM66,,,,,
418,ZBTB1,MLIP,PRSS16,,,,,
419,TRPM7,CISD1,SLX4,,,,,
420,BMI1,NIT2,DHDDS,,,,,
421,CABYR,NRSN1,FAT2,,,,,
422,PPP4R2,C2orf80,FILIP1,,,,,
423,KANSL1L,PSMA5,ZNF337,,,,,
424,POLA1,DCLK1,CALN1,,,,,
425,PAOX,SV2A,RUSF1,,,,,
426,TUBD1,PLCB1,DCAF16,,,,,
427,FBXO5,NETO1,FAM90A1,,,,,
428,ZC3H12C,GRM8,LINC01649,,,,,
429,IKZF2,DLG3,FADS6,,,,,
430,CDT1,SUB1,FLRT1,,,,,
431,FBXO32,FBXW7,SLIT3,,,,,
432,MCM8,GSTA4,LINC02449,,,,,
433,BEND7,AGBL4,EWSAT1,,,,,
434,SSBP3-AS1,CENPH,LDLRAD4,,,,,
435,OLFML1,PPP1R2,DOP1B,,,,,
436,CATSPERG,ICA1,RAB36,,,,,
437,FMO5,RGS7,DNAH9,,,,,
438,PLA2G4B,EID2B,TRIM45,,,,,
439,PKMYT1,DLGAP1,SCN2B,,,,,
440,HPN,VDAC1,PTGES3L,,,,,
441,FEZF1,DYNC2LI1,CACNA1G,,,,,
442,KRT19,MAP10,SFXN2,,,,,
443,FOXD2,WDR31,MSTO1,,,,,
444,ACP7,UBLCP1,GLB1L2,,,,,
445,PROK2,CYP4X1,CCDC71,,,,,
446,PKHD1L1,FARSB,SCN5A,,,,,
447,,IL12RB2,CYB561D2,,,,,
448,,ANKMY2,KCNA1,,,,,
449,,DLD,BACE1,,,,,
450,,HIGD1A,ARHGAP22,,,,,
451,,BZW2,SHISAL1,,,,,
452,,HERC6,NDRG4,,,,,
453,,YWHAZ,DUBR,,,,,
454,,SHC3,ATP2B2,,,,,
455,,SCN8A,ENO2,,,,,
456,,C17orf58,TDRKH,,,,,
457,,GRIA3,MYO15B,,,,,
458,,NDUFB5,KIF24,,,,,
459,,RTF1,PHF7,,,,,
460,,FH,TKFC,,,,,
461,,E2F3,NKAIN2,,,,,
462,,OXCT1,FNDC5,,,,,
463,,GPM6A,OCA2,,,,,
464,,GHITM,SPDYE3,,,,,
465,,BEX3,VIPR1,,,,,
466,,UBE2N,SERTAD4,,,,,
467,,NDFIP1,TMEFF2,,,,,
468,,DGKB,XYLB,,,,,
469,,PDE10A,SRD5A1,,,,,
470,,PAM,AK8,,,,,
471,,ATP6V1D,MIR600HG,,,,,
472,,C5orf22,GALNT17,,,,,
473,,SLC44A5,INSM1,,,,,
474,,ATP6V0C,MAP3K9,,,,,
475,,SGTB,TRAPPC9,,,,,
476,,SYTL2,TMEM38A,,,,,
477,,CLIP3,MAP3K12,,,,,
478,,PGK1,ATP6V0E2,,,,,
479,,MCM4,ANO8,,,,,
480,,ARSG,ZNF839,,,,,
481,,FUCA1,SRD5A3,,,,,
482,,DCT,TMEM121B,,,,,
483,,ARHGEF9,ZNF554,,,,,
484,,ACADSB,GRASLND,,,,,
485,,VAMP2,MAP1B,,,,,
486,,CHL1,B3GNTL1,,,,,
487,,DMXL2,LOC100130691,,,,,
488,,BMPER,CCDC148,,,,,
489,,BCAS2,CAMKK2,,,,,
490,,PGAM1,TRIM67,,,,,
491,,CFAP69,ANKMY1,,,,,
492,,CCDC58,PHF24,,,,,
493,,ZNF214,KAZN,,,,,
494,,MPPED2,ZNF382,,,,,
495,,DHRS7B,ZNF497,,,,,
496,,MDH2,DYNC1I1,,,,,
497,,CROT,ASH1L-AS1,,,,,
498,,SLC16A14,NUP93,,,,,
499,,TMX4,TMEM141,,,,,
500,,TASP1,ZFP69B,,,,,
501,,SORCS3,ZNF587,,,,,
502,,PEX7,PNPLA7,,,,,
503,,C16orf87,SLC27A1,,,,,
504,,GRIA2,SLC24A2,,,,,
505,,ARF3,TCP11L1,,,,,
506,,COPS4,CNNM4,,,,,
507,,SUSD4,FAM86B1,,,,,
508,,FAM133A,NDOR1,,,,,
509,,CCDC191,CNIH3,,,,,
510,,PREP,KMT2B,,,,,
511,,GOLT1B,SYNGR1,,,,,
512,,LRRC8B,MFSD14C,,,,,
513,,FBXO36,LANCL1,,,,,
514,,UNC80,MTR,,,,,
515,,IL1RAP,PI4KA,,,,,
516,,LMO7,SMYD2,,,,,
517,,MCM6,SIDT1,,,,,
518,,OPA1,ANK3,,,,,
519,,CMPK2,LINC00863,,,,,
520,,SLC8A3,RANBP17,,,,,
521,,TMX3,FABP3,,,,,
522,,DTD1,ATP2B3,,,,,
523,,RASAL2,MTBP,,,,,
524,,LANCL2,ALDH1B1,,,,,
525,,LGMN,ALDH1A3,,,,,
526,,GLO1,B9D1,,,,,
527,,SGIP1,SPATA2L,,,,,
528,,KCNIP1,ZKSCAN3,,,,,
529,,RAB11A,ADAT1,,,,,
530,,BOLA3,ADAM23,,,,,
531,,LRP12,MMP24,,,,,
532,,ZRANB3,ZNF629,,,,,
533,,TIMM23,APEH,,,,,
534,,LMBRD2,SLITRK1,,,,,
535,,ST6GAL2,TMEM86B,,,,,
536,,ALDH5A1,FAM131B,,,,,
537,,EID1,PRUNE2,,,,,
538,,CSMD1,ACTN2,,,,,
539,,PARP2,MMACHC,,,,,
540,,ME3,HMGCR,,,,,
541,,ZMAT2,TRMT9B,,,,,
542,,PMS2,DEPDC5,,,,,
543,,OSCP1,ACAT2,,,,,
544,,MAK16,OGFOD3,,,,,
545,,ZNF711,NTNG2,,,,,
546,,APLP2,KIAA0513,,,,,
547,,ANAPC13,ZNF132,,,,,
548,,XRCC6,VPS53,,,,,
549,,PDZD11,FBXL6,,,,,
550,,CHCHD2,ACTR1B,,,,,
551,,LAPTM4B,TOP3A,,,,,
552,,SLC25A3,GTPBP3,,,,,
553,,NLN,NOL3,,,,,
554,,SLC4A1AP,UCK2,,,,,
555,,PPFIA2,PLEKHB2,,,,,
556,,TM2D2,PPP1R12B,,,,,
557,,PLAA,PRSS53,,,,,
558,,UQCRC2,GBA,,,,,
559,,SLC25A5,SNHG28,,,,,
560,,PRKAG1,PHACTR1,,,,,
561,,CDC40,QTRT1,,,,,
562,,CDC123,LYSMD4,,,,,
563,,PSMD1,MEF2D,,,,,
564,,WDR61,AGO1,,,,,
565,,ENO1,JMJD4,,,,,
566,,DCTN2,SLC2A11,,,,,
567,,ABI2,ANKRD13B,,,,,
568,,BBS4,TMEM8B,,,,,
569,,ZNF10,IFT27,,,,,
570,,MANSC1,TIRAP,,,,,
571,,GTF2H3,ZDHHC8,,,,,
572,,NRCAM,FAM160A2,,,,,
573,,EIF2S1,EFCAB6,,,,,
574,,VPS25,MAPT,,,,,
575,,MRPS18A,GRM3,,,,,
576,,OSBPL3,DBNL,,,,,
577,,RAB5A,PLAGL1,,,,,
578,,CCDC115,ZNF843,,,,,
579,,GPATCH2,CEP131,,,,,
580,,ETV5,EFCAB11,,,,,
581,,PRDM2,GPR85,,,,,
582,,DDOST,ZNF233,,,,,
583,,OXA1L,CCDC65,,,,,
584,,RMND1,HECTD4,,,,,
585,,TSFM,PSEN2,,,,,
586,,ASTN1,MBTPS2,,,,,
587,,MTHFD1,GPATCH4,,,,,
588,,NDUFS1,CHMP6,,,,,
589,,WBP11,POP1,,,,,
590,,PRPF4,POLR1A,,,,,
591,,POLR3A,AKAP6,,,,,
592,,PPT1,UNC79,,,,,
593,,DNAJC30,MANEAL,,,,,
594,,PRMT9,FRMD8,,,,,
595,,SPIN3,SCLT1,,,,,
596,,TMEM231,TMEM177,,,,,
597,,EXT1,RAP1GDS1,,,,,
598,,PRC1,SMPD3,,,,,
599,,CAPN5,CLBA1,,,,,
600,,MAP3K13,ZNF226,,,,,
601,,MYSM1,ZNF169,,,,,
602,,DDHD1,DYNC1H1,,,,,
603,,SF3B4,LYPD5,,,,,
604,,YTHDF2,TIMM8A,,,,,
605,,CSTF2,ABCC10,,,,,
606,,RABEPK,HMGXB3,,,,,
607,,SLC25A44,KIAA1841,,,,,
608,,HMG20A,ZNF500,,,,,
609,,TCERG1,ARMCX4,,,,,
610,,EDEM1,BORCS5,,,,,
611,,CEP68,FAM160B2,,,,,
612,,OSBP,CXorf56,,,,,
613,,UTP3,ZNF276,,,,,
614,,HIVEP2,ZFP2,,,,,
615,,SORL1,USP4,,,,,
616,,TUFM,ADAT2,,,,,
617,,PTPRA,SLC4A8,,,,,
618,,CCNYL1,NIPA1,,,,,
619,,TOX4,PPARD,,,,,
620,,CTDNEP1,ATP2A2,,,,,
621,,PACSIN2,RNF121,,,,,
622,,MAF1,APP,,,,,
623,,AKT1S1,SLC25A16,,,,,
624,,EDC3,ZNF418,,,,,
625,,STX2,VAPB,,,,,
626,,SMPD4,DDHD2,,,,,
627,,REV1,ZKSCAN1,,,,,
628,,TAF8,DOCK3,,,,,
629,,ZNF793,BCL2L2,,,,,
630,,ATPAF2,EPB41L3,,,,,
631,,RNF114,TLN2,,,,,
632,,ZNF853,YEATS2,,,,,
633,,BTBD7,DOLK,,,,,
634,,TRNAU1AP,HLCS,,,,,
635,,GTF3C5,LMLN,,,,,
636,,PHF21A,WBP1,,,,,
637,,CARS2,CIAPIN1,,,,,
638,,DDX56,FAM168A,,,,,
639,,LZTR1,NEMP2,,,,,
640,,KEAP1,FAHD2B,,,,,
641,,CERS4,COX10,,,,,
642,,METTL16,PPP2R2B,,,,,
643,,GPS2,PRMT6,,,,,
644,,MED11,SLC23A2,,,,,
645,,RAF1,DZANK1,,,,,
646,,CREBBP,SEC61A2,,,,,
647,,DONSON,PCCB,,,,,
648,,WDR59,ZNF26,,,,,
649,,MAP2K3,NALCN,,,,,
650,,PKNOX1,OSBP2,,,,,
651,,ZNF592,ATP9B,,,,,
652,,VSTM4,HERC1,,,,,
653,,INSR,CLCC1,,,,,
654,,PER1,RNMT,,,,,
655,,POLDIP3,DIABLO,,,,,
656,,RRNAD1,AQP11,,,,,
657,,EHMT1,TFCP2,,,,,
658,,PCED1A,SPRING1,,,,,
659,,JTB,WDR37,,,,,
660,,USP21,CAPRIN2,,,,,
,,POLR3H,ATP9A,,,,,
,,SAMD1,DMAC1,,,,,
,,NUP188,DNAJC5,,,,,
,,NXF1,HDHD2,,,,,
,,SLC22A23,IQSEC1,,,,,
,,ING5,EXOC6B,,,,,
,,RBM6,MRPS16,,,,,
,,ZNF524,ZFP64,,,,,
,,PEX6,HABP4,,,,,
,,CDH20,TNFRSF21,,,,,
,,SMG5,POLR1G,,,,,
,,SRGAP1,FAM189B,,,,,
,,SMG9,WDR77,,,,,
,,MAX,EXTL3,,,,,
,,FBXL7,AREL1,,,,,
,,MOB3A,ENDOV,,,,,
,,NAA16,EAF1,,,,,
,,SPOUT1,ATR,,,,,
,,ZFYVE19,TRAP1,,,,,
,,ZNF768,ZNRD2,,,,,
,,KCTD11,MFN2,,,,,
,,ANKZF1,HGS,,,,,
,,SGF29,SUMF2,,,,,
,,RGL2,RHBDD3,,,,,
,,ZNF394,ICA1L,,,,,
,,AVEN,LRRC49,,,,,
,,DDX39A,FECH,,,,,
,,ELMOD3,MTMR4,,,,,
,,ARHGAP17,NUDCD3,,,,,
,,ZCCHC8,NUP155,,,,,
,,SLC26A6,MGAT5,,,,,
,,MUTYH,ATXN7L3B,,,,,
,,AXIN1,DNAJC18,,,,,
,,DUSP18,CINP,,,,,
,,CARHSP1,SNAPC2,,,,,
,,SALL1,ANKRD39,,,,,
,,TAZ,RBSN,,,,,
,,MAPKAPK2,SERAC1,,,,,
,,CDK2AP2,EXOC8,,,,,
,,XKR8,TBCD,,,,,
,,HDAC4,SCFD2,,,,,
,,FAM13B,TRIM26,,,,,
,,TMCC2,COX15,,,,,
,,NCOA5,ZKSCAN2,,,,,
,,LINC01089,MED14,,,,,
,,ABCD4,INPP5E,,,,,
,,EEF1D,TSR1,,,,,
,,CYP20A1,LMBR1L,,,,,
,,RXRA,TANGO6,,,,,
,,IKBKB,PARN,,,,,
,,MAVS,MEN1,,,,,
,,ZNF761,C20orf194,,,,,
,,TRPV3,ATG16L1,,,,,
,,CLK1,SLC20A1,,,,,
,,ITPKB,UBFD1,,,,,
,,NACC2,GALNS,,,,,
,,ZBTB40,STPG1,,,,,
,,ZNF814,TMED4,,,,,
,,CTDSP2,COQ6,,,,,
,,CERS1,PRMT1,,,,,
,,CLN3,ZNF222,,,,,
,,FYCO1,EMC1,,,,,
,,CC2D1B,ZNF470,,,,,
,,PGPEP1,METTL8,,,,,
,,SPECC1L,ALG1,,,,,
,,PLEKHA7,RAD51D,,,,,
,,ZNF850,GTF2H5,,,,,
,,DNASE1,ANAPC7,,,,,
,,PLCG1,SNX12,,,,,
,,UCKL1,DDX42,,,,,
,,RBM38,SDHC,,,,,
,,LOC644656,UQCC1,,,,,
,,MXD4,LARP4B,,,,,
,,PPP2R1B,GPN2,,,,,
,,ZBTB12,UBAP1,,,,,
,,NFATC1,ZNF263,,,,,
,,PROCA1,DEDD,,,,,
,,COBL,PUM2,,,,,
,,JAKMIP3,PCBP1,,,,,
,,CSRP1,PPHLN1,,,,,
,,LOXL3,CNOT11,,,,,
,,TEP1,SSR2,,,,,
,,ARAP1,HNRNPAB,,,,,
,,TTC31,FYN,,,,,
,,KIAA0930,UBA2,,,,,
,,ARHGEF10,DNAJC13,,,,,
,,ASPRV1,TMEM43,,,,,
,,PLOD1,UFSP2,,,,,
,,MST1,C9orf78,,,,,
,,EBF4,RSAD1,,,,,
,,LINC01315,UGDH,,,,,
,,RAD52,MED26,,,,,
,,TRIM16,FBXL5,,,,,
,,CASC3,MRPL50,,,,,
,,C3orf62,THUMPD1,,,,,
,,KCNMB3,ZMYND11,,,,,
,,LSS,PIGV,,,,,
,,HAUS5,DTWD1,,,,,
,,KPTN,KRIT1,,,,,
,,XRCC3,C2orf42,,,,,
,,LRP5L,PRDX1,,,,,
,,IRAK2,SPG21,,,,,
,,RENBP,MGAT1,,,,,
,,ZNF577,TMEM11,,,,,
,,SAMD4A,ALG2,,,,,
,,JUP,MRPS15,,,,,
,,TMEM79,REXO4,,,,,
,,ZNF692,DERL2,,,,,
,,LYG1,NACA,,,,,
,,ARHGEF16,IGF1R,,,,,
,,SERHL2,POLR2H,,,,,
,,GRM6,TRMT112,,,,,
,,PLXNB1,POLR3GL,,,,,
,,CA2,DIS3,,,,,
,,PIDD1,THADA,,,,,
,,LHX4,OGT,,,,,
,,TFEB,ACADM,,,,,
,,QRICH2,UIMC1,,,,,
,,CPT1B,MPZL1,,,,,
,,FLCN,CEP76,,,,,
,,PLOD3,LMAN2L,,,,,
,,RGS9BP,APAF1,,,,,
,,HOMER3,PCID2,,,,,
,,GDF11,RIT1,,,,,
,,ADIPOR2,DCLRE1A,,,,,
,,CSF1,RACK1,,,,,
,,ABCC6,PTBP3,,,,,
,,PAN2,ZNF267,,,,,
,,SHROOM1,RPL4,,,,,
,,KRTCAP3,CCDC174,,,,,
,,MPST,WDR45,,,,,
,,CGN,EPC2,,,,,
,,PHF19,PABPC1,,,,,
,,EDA,ARL14EP,,,,,
,,JDP2,MRPL18,,,,,
,,LIMD1,TBC1D2B,,,,,
,,TOB2,DNAJC3,,,,,
,,RAPGEF3,GNAI3,,,,,
,,C1orf226,IER2,,,,,
,,DLL1,PLPP5,,,,,
,,BCAT2,ST7,,,,,
,,CROCC,DISC1,,,,,
,,SLC17A9,STIP1,,,,,
,,SRPK3,BRI3,,,,,
,,SLC4A2,RPL14,,,,,
,,CTNS,APPL2,,,,,
,,WSCD1,HEXIM1,,,,,
,,RBM14,LINC01011,,,,,
,,SLC10A5,ERCC5,,,,,
,,CHST3,DHRS4,,,,,
,,ETV4,CYSTM1,,,,,
,,SLC47A2,SENP3,,,,,
,,CDK11A,IDH1,,,,,
,,ADAT3,LSM10,,,,,
,,SPACA6,MED23,,,,,
,,ANKRD23,RPL36AL,,,,,
,,TBX6,PTRHD1,,,,,
,,SRRM5,RPS7,,,,,
,,LOC100288637,PLPP1,,,,,
,,LLGL2,WBP1L,,,,,
,,DNASE1L2,FXR1,,,,,
,,SUN2,GRN,,,,,
,,JADE3,MAPRE1,,,,,
,,ZNF652,RPL27A,,,,,
,,CLDN15,HSPD1,,,,,
,,MAP4K4,RPS4X,,,,,
,,SAP25,POU3F3,,,,,
,,LRRC1,GPX1,,,,,
,,P2RX7,HNRNPF,,,,,
,,CAPS,KATNA1,,,,,
,,MROH6,RUFY1,,,,,
,,SLC6A9,RAB24,,,,,
,,PPFIBP2,KCTD6,,,,,
,,NUP210L,RPL30,,,,,
,,CLMN,C2CD2,,,,,
,,LINC00926,RPL7,,,,,
,,CDK18,DNAJC1,,,,,
,,MYOT,CEP120,,,,,
,,TMC6,HS6ST1,,,,,
,,MID1IP1,RPL5,,,,,
,,IL16,ZNF558,,,,,
,,KIF1C,ZNF438,,,,,
,,MCM7,MEX3C,,,,,
,,WDR38,WNT5B,,,,,
,,DNAH11,CD63,,,,,
,,CPM,USP47,,,,,
,,ABCC2,INTS12,,,,,
,,RRAD,SLC3A2,,,,,
,,LINC00638,CHMP4A,,,,,
,,TMPRSS5,UFD1,,,,,
,,FOXO4,SAP30,,,,,
,,SH2D7,KIF5B,,,,,
,,CLDN9,RPS13,,,,,
,,ATAD3C,PCGF1,,,,,
,,BOK,ECI2,,,,,
,,QDPR,TRAM2,,,,,
,,CEL,ZNF571,,,,,
,,AMN,DAD1,,,,,
,,GAS2L3,RNF7,,,,,
,,ARRDC2,SLC41A1,,,,,
,,LINC00304,RPL11,,,,,
,,TJP3,TMEM39A,,,,,
,,LINC01561,BCCIP,,,,,
,,OVOL3,PRIM2,,,,,
,,SERPINF2,TMEM99,,,,,
,,NEAT1,RPL35A,,,,,
,,CLEC18B,P4HA2,,,,,
,,GIPR,AHSA1,,,,,
,,SH2D6,LYAR,,,,,
,,C7orf61,PCBD1,,,,,
,,KIF19,PAFAH1B3,,,,,
,,CLEC18A,TRIP4,,,,,
,,FOXJ1,RPS4Y1,,,,,
,,GZMM,ZNF395,,,,,
,,GRK7,RPL9,,,,,
,,SGO1,NXT1,,,,,
,,OR7A5,HSCB,,,,,
,,NANOS2,TMEM81,,,,,
,,NLRP4,CEBPG,,,,,
,,,SOAT1,,,,,
,,,RPS8,,,,,
,,,SLC2A1,,,,,
,,,CCDC62,,,,,
,,,RPS27L,,,,,
,,,AK4,,,,,
,,,MIR1915HG,,,,,
,,,CALCOCO2,,,,,
,,,SWAP70,,,,,
,,,GTF3C6,,,,,
,,,PCTP,,,,,
,,,LINC01410,,,,,
,,,XPO1,,,,,
,,,MMS22L,,,,,
,,,DCAF12,,,,,
,,,HSPH1,,,,,
,,,TOB1-AS1,,,,,
,,,EFNB1,,,,,
,,,TLE1,,,,,
,,,OTULIN,,,,,
,,,CDC26,,,,,
,,,DISP1,,,,,
,,,RPS24,,,,,
,,,DYNLT1,,,,,
,,,HIGD2A,,,,,
,,,RPL34,,,,,
,,,METTL18,,,,,
,,,SUPT20H,,,,,
,,,CCDC107,,,,,
,,,RPL23,,,,,
,,,KRCC1,,,,,
,,,PINLYP,,,,,
,,,USP3,,,,,
,,,ARHGEF6,,,,,
,,,BCL2L11,,,,,
,,,GTF2E2,,,,,
,,,UXT,,,,,
,,,NUFIP2,,,,,
,,,ABHD3,,,,,
,,,PPP1R3D,,,,,
,,,CCNJL,,,,,
,,,TPST2,,,,,
,,,PTBP1,,,,,
,,,COPS9,,,,,
,,,RIPK2,,,,,
,,,UQCC3,,,,,
,,,ING1,,,,,
,,,SMPD2,,,,,
,,,PUS3,,,,,
,,,MOB1A,,,,,
,,,CHST11,,,,,
,,,ACTL6A,,,,,
,,,ZNF511,,,,,
,,,CUZD1,,,,,
,,,MITD1,,,,,
,,,ART3,,,,,
,,,YBX1,,,,,
,,,CD59,,,,,
,,,SP140L,,,,,
,,,COL4A4,,,,,
,,,RBMS2,,,,,
,,,SP1,,,,,
,,,DBI,,,,,
,,,DOCK6,,,,,
,,,ADGRD1,,,,,
,,,SLC4A7,,,,,
,,,TP53INP1,,,,,
,,,G3BP1,,,,,
,,,GIMAP1,,,,,
,,,TNFRSF10B,,,,,
,,,FGD5,,,,,
,,,CDKN2B,,,,,
,,,NFE2L2,,,,,
,,,HSPA1L,,,,,
,,,RXRG,,,,,
,,,RFX2,,,,,
,,,BOC,,,,,
,,,EPHB4,,,,,
,,,GLIPR1,,,,,
,,,TRIM22,,,,,
,,,SMCO4,,,,,
,,,ZNF813,,,,,
,,,SDHAF2,,,,,
,,,P3H2,,,,,
,,,ZC3HAV1,,,,,
,,,MGST2,,,,,
,,,BMF,,,,,
,,,DANCR,,,,,
,,,CMTM3,,,,,
,,,RNF182,,,,,
,,,RAB41,,,,,
,,,DOK1,,,,,
,,,NBPF19,,,,,
,,,SLC19A3,,,,,
,,,B4GALT4,,,,,
,,,ARHGEF26,,,,,
,,,RAMP1,,,,,
,,,SMIM20,,,,,
,,,PTH1R,,,,,
,,,PPARA,,,,,
,,,GLUL,,,,,
,,,PURG,,,,,
,,,S1PR1,,,,,
,,,RHOJ,,,,,
,,,PODXL,,,,,
,,,PNRC2,,,,,
,,,FES,,,,,
,,,CSRNP1,,,,,
,,,SNAP23,,,,,
,,,NPC2,,,,,
,,,PPM1N,,,,,
,,,ACSS3,,,,,
,,,SMOX,,,,,
,,,TEAD1,,,,,
,,,TAB2,,,,,
,,,HSD17B7,,,,,
,,,REST,,,,,
,,,MCL1,,,,,
,,,ESAM,,,,,
,,,BACE2,,,,,
,,,SAT1,,,,,
,,,SERPINB1,,,,,
,,,CCDC121,,,,,
,,,MIS18BP1,,,,,
,,,MKNK2,,,,,
,,,ZNNT1,,,,,
,,,ADPRH,,,,,
,,,EEF1AKMT3,,,,,
,,,SOCS4,,,,,
,,,HSPE1,,,,,
,,,HLA-E,,,,,
,,,DNAJB4,,,,,
,,,SLC25A30,,,,,
,,,SIRT4,,,,,
,,,ARHGEF26-AS1,,,,,
,,,PLXDC2,,,,,
,,,IFRD1,,,,,
,,,SERTAD3,,,,,
,,,CHPT1,,,,,
,,,CXCL16,,,,,
,,,SLC27A2,,,,,
,,,STOX1,,,,,
,,,MEIG1,,,,,
,,,PCDHB7,,,,,
,,,SLC6A4,,,,,
,,,BCL2,,,,,
,,,TIPARP,,,,,
,,,MAML2,,,,,
,,,SERTAD1,,,,,
,,,HERC5,,,,,
,,,CHIC2,,,,,
,,,TCEA3,,,,,
,,,ARHGAP31,,,,,
,,,LRMDA,,,,,
,,,AFF1,,,,,
,,,ELP4,,,,,
,,,PDGFRB,,,,,
,,,FRAT2,,,,,
,,,RAB3IL1,,,,,
,,,ST6GALNAC3,,,,,
,,,VASN,,,,,
,,,PHLDA1,,,,,
,,,RHOBTB3,,,,,
,,,TGIF2,,,,,
,,,SLC18B1,,,,,
,,,ADI1,,,,,
,,,BMPR1A,,,,,
,,,CASP6,,,,,
,,,HVCN1,,,,,
,,,NXN,,,,,
,,,MET,,,,,
,,,OSBPL11,,,,,
,,,FBXO8,,,,,
,,,TMOD3,,,,,
,,,RFLNB,,,,,
,,,DIAPH3,,,,,
,,,ADRB2,,,,,
,,,PRCP,,,,,
,,,SPAAR,,,,,
,,,DCAF4L1,,,,,
,,,RREB1,,,,,
,,,ANXA5,,,,,
,,,TGFB1,,,,,
,,,ATP10D,,,,,
,,,COL27A1,,,,,
,,,RAB9A,,,,,
,,,CCNG1,,,,,
,,,LINC00298,,,,,
,,,PON2,,,,,
,,,PPP1R3B,,,,,
,,,S100A6,,,,,
,,,PARD3B,,,,,
,,,CFB,,,,,
,,,ARHGDIB,,,,,
,,,ACOX2,,,,,
,,,ECHDC3,,,,,
,,,RNASET2,,,,,
,,,UNG,,,,,
,,,NAGS,,,,,
,,,MME,,,,,
,,,RAB27A,,,,,
,,,MTHFD2,,,,,
,,,STXBP4,,,,,
,,,GATA2,,,,,
,,,FLT3LG,,,,,
,,,CEBPB,,,,,
,,,SYTL1,,,,,
,,,HLX,,,,,
,,,ARHGEF19,,,,,
,,,FOSL2,,,,,
,,,TAGLN2,,,,,
,,,YES1,,,,,
,,,BACH1,,,,,
,,,FNDC3B,,,,,
,,,GNG5,,,,,
,,,HERPUD1,,,,,
,,,ACVRL1,,,,,
,,,CHSY1,,,,,
,,,SOX2,,,,,
,,,LEF1,,,,,
,,,TGFB2,,,,,
,,,LAPTM4A,,,,,
,,,PIK3R5,,,,,
,,,LAMB2,,,,,
,,,PHYHD1,,,,,
,,,FOXO1,,,,,
,,,SEMA3F,,,,,
,,,SLC16A4,,,,,
,,,TRPS1,,,,,
,,,AKR1C3,,,,,
,,,DRAM1,,,,,
,,,IFNGR1,,,,,
,,,C17orf67,,,,,
,,,ELOVL7,,,,,
,,,TNFRSF1A,,,,,
,,,KCNN3,,,,,
,,,ARID5A,,,,,
,,,ANO6,,,,,
,,,AHCYL2,,,,,
,,,CASS4,,,,,
,,,RNF144B,,,,,
,,,STARD8,,,,,
,,,H2BC20P,,,,,
,,,ALDH1A2,,,,,
,,,JAM2,,,,,
,,,TCIRG1,,,,,
,,,GLIS3,,,,,
,,,ZNF217,,,,,
,,,RBPMS2,,,,,
,,,METTL7A,,,,,
,,,NANOS1,,,,,
,,,HYAL2,,,,,
,,,CDC42BPG,,,,,
,,,DIO3OS,,,,,
,,,EMILIN2,,,,,
,,,TPT1,,,,,
,,,FOXD4,,,,,
,,,KBTBD11-OT1,,,,,
,,,GCNA,,,,,
,,,GNA13,,,,,
,,,ADORA2B,,,,,
,,,GIMAP6,,,,,
,,,MECOM,,,,,
,,,PIK3R2,,,,,
,,,PLAUR,,,,,
,,,SMIM3,,,,,
,,,CKS2,,,,,
,,,VCAN,,,,,
,,,PRX,,,,,
,,,FSTL1,,,,,
,,,TDRD10,,,,,
,,,GIMAP4,,,,,
,,,DLEU1,,,,,
,,,THAP2,,,,,
,,,ZNF433-AS1,,,,,
,,,HLA-DPB1,,,,,
,,,IFI16,,,,,
,,,NFATC4,,,,,
,,,MAN1A1,,,,,
,,,BAMBI,,,,,
,,,GNG12,,,,,
,,,TNFRSF10A,,,,,
,,,GRTP1,,,,,
,,,ZC3H12A,,,,,
,,,GSDMD,,,,,
,,,CGAS,,,,,
,,,RAB32,,,,,
,,,PSMB8-AS1,,,,,
,,,AOAH,,,,,
,,,SIX4,,,,,
,,,INPP5D,,,,,
,,,TMIGD2,,,,,
,,,FOXF2,,,,,
,,,PLSCR1,,,,,
,,,NOTCH2,,,,,
,,,MRAS,,,,,
,,,RPP38-DT,,,,,
,,,MYO1F,,,,,
,,,TGIF1,,,,,
,,,CD53,,,,,
,,,HLA-DPA1,,,,,
,,,SLC2A5,,,,,
,,,LHX2,,,,,
,,,TMX1,,,,,
,,,VASP,,,,,
,,,GIMAP5,,,,,
,,,RASGRP4,,,,,
,,,HEBP2,,,,,
,,,HSPA1B,,,,,
,,,IRF1,,,,,
,,,FLI1,,,,,
,,,GBP3,,,,,
,,,BAIAP2L1,,,,,
,,,FLT1,,,,,
,,,BTK,,,,,
,,,LOC105371899,,,,,
,,,ARPC1B,,,,,
,,,PGF,,,,,
,,,RASA4,,,,,
,,,DOCK8,,,,,
,,,GUCY2D,,,,,
,,,FGF2,,,,,
,,,APOBEC3C,,,,,
,,,TCEAL9,,,,,
,,,CYBA,,,,,
,,,SQOR,,,,,
,,,GALM,,,,,
,,,NFKBIZ,,,,,
,,,PNP,,,,,
,,,TAL1,,,,,
,,,BLNK,,,,,
,,,SLC7A7,,,,,
,,,SLC6A12,,,,,
,,,TRIM38,,,,,
,,,FAM177B,,,,,
,,,LY86,,,,,
,,,BCL6,,,,,
,,,IL13RA1,,,,,
,,,DHRS3,,,,,
,,,CPAMD8,,,,,
,,,PLEK,,,,,
,,,RAB13,,,,,
,,,EVC2,,,,,
,,,SPR,,,,,
,,,LRRC32,,,,,
,,,CMTM6,,,,,
,,,PLEKHF2,,,,,
,,,FZD1,,,,,
,,,NDUFA4L2,,,,,
,,,PLSCR4,,,,,
,,,CD37,,,,,
,,,PRKD3,,,,,
,,,ELF1,,,,,
,,,SNHG19,,,,,
,,,STOM,,,,,
,,,H2AC6,,,,,
,,,PARVG,,,,,
,,,RARRES2,,,,,
,,,PROSER2,,,,,
,,,MICB,,,,,
,,,CEP112,,,,,
,,,EYA2,,,,,
,,,DOCK2,,,,,
,,,LAPTM5,,,,,
,,,CD4,,,,,
,,,GMFG,,,,,
,,,EMX2,,,,,
,,,DDX3Y,,,,,
,,,COPZ2,,,,,
,,,TPD52L1,,,,,
,,,APOBEC3D,,,,,
,,,CASP7,,,,,
,,,TRAF3IP3,,,,,
,,,MYBPC1,,,,,
,,,APCDD1,,,,,
,,,PNRC1,,,,,
,,,MS4A14,,,,,
,,,GPC4,,,,,
,,,PLOD2,,,,,
,,,ARMC3,,,,,
,,,ATP6V0E1,,,,,
,,,RASSF8,,,,,
,,,GAREM2,,,,,
,,,C1R,,,,,
,,,IKBIP,,,,,
,,,ATP11C,,,,,
,,,CLIC2,,,,,
,,,NAALADL1,,,,,
,,,C5AR2,,,,,
,,,C1S,,,,,
,,,APOD,,,,,
,,,HES7,,,,,
,,,PDGFRL,,,,,
,,,IGSF6,,,,,
,,,EFNA4,,,,,
,,,EZR,,,,,
,,,CHEK2,,,,,
,,,HHEX,,,,,
,,,SLC4A11,,,,,
,,,FCGRT,,,,,
,,,ACSM1,,,,,
,,,CNN2,,,,,
,,,TNFRSF1B,,,,,
,,,GRAMD1C,,,,,
,,,PODN,,,,,
,,,CHORDC1,,,,,
,,,LAIR1,,,,,
,,,CFD,,,,,
,,,CALHM6,,,,,
,,,MERTK,,,,,
,,,LINC02611,,,,,
,,,BTG1,,,,,
,,,FMO3,,,,,
,,,PMF1-BGLAP,,,,,
,,,TRIM5,,,,,
,,,HMGN5,,,,,
,,,MMP14,,,,,
,,,TLR4,,,,,
,,,MKLN1-AS,,,,,
,,,CDC14A,,,,,
,,,SERPING1,,,,,
,,,A4GALT,,,,,
,,,SIGLEC8,,,,,
,,,NWD1,,,,,
,,,DNAJB1,,,,,
,,,DDR2,,,,,
,,,MYOF,,,,,
,,,PIK3AP1,,,,,
,,,MYC,,,,,
,,,SDC2,,,,,
,,,PYCARD,,,,,
,,,GIMAP2,,,,,
,,,FAM89A,,,,,
,,,GRAMD2B,,,,,
,,,CARD16,,,,,
,,,FAM43A,,,,,
,,,CSF1R,,,,,
,,,SLC43A3,,,,,
,,,GPER1,,,,,
,,,NOS3,,,,,
,,,FXYD3,,,,,
,,,MSLN,,,,,
,,,VAMP5,,,,,
,,,HK2,,,,,
,,,EGFR,,,,,
,,,TGFBR2,,,,,
,,,ZIC2,,,,,
,,,CD84,,,,,
,,,C2,,,,,
,,,CD34,,,,,
,,,MGARP,,,,,
,,,COX6B2,,,,,
,,,CYTL1,,,,,
,,,GNG11,,,,,
,,,IKZF1,,,,,
,,,HPR,,,,,
,,,IFITM1,,,,,
,,,PSTPIP2,,,,,
,,,S1PR3,,,,,
,,,HMGA2-AS1,,,,,
,,,ARHGEF5,,,,,
,,,MRC2,,,,,
,,,LILRB3,,,,,
,,,GPSM3,,,,,
,,,SFRP2,,,,,
,,,CSAG1,,,,,
,,,P4HA1,,,,,
,,,SLC16A9,,,,,
,,,PYGL,,,,,
,,,LSMEM1,,,,,
,,,TM4SF18,,,,,
,,,HCLS1,,,,,
,,,PECAM1,,,,,
,,,LINC02381,,,,,
,,,CYBRD1,,,,,
,,,TUBB6,,,,,
,,,LHFPL2,,,,,
,,,MDFI,,,,,
,,,PARD3,,,,,
,,,MILR1,,,,,
,,,LINC02393,,,,,
,,,CELSR1,,,,,
,,,METTL7B,,,,,
,,,MPIG6B,,,,,
,,,BAG3,,,,,
,,,HGF,,,,,
,,,SLA,,,,,
,,,HCST,,,,,
,,,CD68,,,,,
,,,MAF,,,,,
,,,TINAGL1,,,,,
,,,GPR65,,,,,
,,,ABCA1,,,,,
,,,LINC01907,,,,,
,,,SLC52A3,,,,,
,,,APOL1,,,,,
,,,MYL12A,,,,,
,,,ADGRL4,,,,,
,,,SP100,,,,,
,,,TFAP2C,,,,,
,,,FOXF1,,,,,
,,,HILPDA,,,,,
,,,CTSK,,,,,
,,,GMNN,,,,,
,,,C8orf88,,,,,
,,,CARD6,,,,,
,,,HLA-DRB1,,,,,
,,,CD58,,,,,
,,,HSPB1,,,,,
,,,DSE,,,,,
,,,ICAM2,,,,,
,,,ANTXR2,,,,,
,,,ARHGAP15,,,,,
,,,AHNAK,,,,,
,,,PCED1B-AS1,,,,,
,,,TENT5A,,,,,
,,,SERPINH1,,,,,
,,,OTOS,,,,,
,,,TYROBP,,,,,
,,,MLKL,,,,,
,,,BIRC3,,,,,
,,,KLF2,,,,,
,,,CYYR1,,,,,
,,,CDA,,,,,
,,,ZIC5,,,,,
,,,SRARP,,,,,
,,,GJA1,,,,,
,,,NEDD4,,,,,
,,,CD180,,,,,
,,,EPHA2,,,,,
,,,TBXAS1,,,,,
,,,CSF2RA,,,,,
,,,STX11,,,,,
,,,RGS10,,,,,
,,,CEACAM21,,,,,
,,,HES1,,,,,
,,,CFI,,,,,
,,,DDIT4L,,,,,
,,,LILRB2,,,,,
,,,TLR6,,,,,
,,,ADAM33,,,,,
,,,MRPS6,,,,,
,,,NCF4,,,,,
,,,ISYNA1,,,,,
,,,TBX3,,,,,
,,,MAP3K8,,,,,
,,,ZFP36L2,,,,,
,,,PEAR1,,,,,
,,,WWTR1,,,,,
,,,FCER1G,,,,,
,,,IGFBP5,,,,,
,,,DNAAF3,,,,,
,,,BTNL8,,,,,
,,,PLAAT2,,,,,
,,,SMAD6,,,,,
,,,VENTX,,,,,
,,,YBX3,,,,,
,,,HIGD1B,,,,,
,,,TIMP1,,,,,
,,,CASP1,,,,,
,,,LOC105374438,,,,,
,,,HPGDS,,,,,
,,,LRRC25,,,,,
,,,A2ML1,,,,,
,,,RAB20,,,,,
,,,ID1,,,,,
,,,METRNL,,,,,
,,,NFIL3,,,,,
,,,LY96,,,,,
,,,PPIC,,,,,
,,,YAP1,,,,,
,,,EMP1,,,,,
,,,FGR,,,,,
,,,RUNX1,,,,,
,,,NKX6-1,,,,,
,,,C1QA,,,,,
,,,HLA-DRA,,,,,
,,,TNNC1,,,,,
,,,TENT5C,,,,,
,,,ZFP36L1,,,,,
,,,TEAD2,,,,,
,,,ADAMTSL3,,,,,
,,,HSPA1A,,,,,
,,,G0S2,,,,,
,,,SIRPB2,,,,,
,,,LCP1,,,,,
,,,LINC02123,,,,,
,,,CDK2,,,,,
,,,RHOD,,,,,
,,,HSPA6,,,,,
,,,HK3,,,,,
,,,EVI2B,,,,,
,,,EMP3,,,,,
,,,FOXD4L1,,,,,
,,,KLHL6,,,,,
,,,FOLR2,,,,,
,,,DMRTC1B,,,,,
,,,SYK,,,,,
,,,AKR1C1,,,,,
,,,WFIKKN2,,,,,
,,,SPINK8,,,,,
,,,FBLN1,,,,,
,,,NCF2,,,,,
,,,FXYD5,,,,,
,,,ZIC3,,,,,
,,,FZD2,,,,,
,,,PCK1,,,,,
,,,CLIC1,,,,,
,,,HSPB9,,,,,
,,,GJA4,,,,,
,,,HLA-DMB,,,,,
,,,MSR1,,,,,
,,,PAQR5,,,,,
,,,GYPC,,,,,
,,,ARHGAP42,,,,,
,,,ACKR3,,,,,
,,,FAM167B,,,,,
,,,SLFN11,,,,,
,,,DUSP1,,,,,
,,,IRAK3,,,,,
,,,S100P,,,,,
,,,LINC01740,,,,,
,,,MAGEA12,,,,,
,,,CTSS,,,,,
,,,B4GALT1,,,,,
,,,SLC39A12,,,,,
,,,H1-2,,,,,
,,,GABRE,,,,,
,,,VIM,,,,,
,,,TLR7,,,,,
,,,FCGR2A,,,,,
,,,S100A11,,,,,
,,,TM4SF1,,,,,
,,,F10,,,,,
,,,CRABP2,,,,,
,,,LOC101929331,,,,,
,,,IRF8,,,,,
,,,TGFBR3,,,,,
,,,TNFAIP3,,,,,
,,,PLBD1,,,,,
,,,GADD45B,,,,,
,,,RIPOR3,,,,,
,,,MT2A,,,,,
,,,IGF2BP2,,,,,
,,,TSKU,,,,,
,,,TFPI,,,,,
,,,FYB1,,,,,
,,,ANG,,,,,
,,,VAMP8,,,,,
,,,MS4A7,,,,,
,,,LRG1,,,,,
,,,HSD11B2,,,,,
,,,MT1X,,,,,
,,,SCIN,,,,,
,,,VSIG4,,,,,
,,,EPPIN,,,,,
,,,SLCO4A1,,,,,
,,,CD86,,,,,
,,,AFAP1L1,,,,,
,,,ANGPT2,,,,,
,,,PERP,,,,,
,,,ZFP36,,,,,
,,,IL2RG,,,,,
,,,LINC01354,,,,,
,,,ADAM28,,,,,
,,,CLEC1A,,,,,
,,,DIO3,,,,,
,,,DOK2,,,,,
,,,C5AR1,,,,,
,,,ZIC1,,,,,
,,,H2BC5,,,,,
,,,ALOX5AP,,,,,
,,,PCAT19,,,,,
,,,SLC26A2,,,,,
,,,GEM,,,,,
,,,CEBPD,,,,,
,,,MAFF,,,,,
,,,PRELP,,,,,
,,,TNFAIP8,,,,,
,,,SLC6A13,,,,,
,,,TNFRSF10D,,,,,
,,,MT1A,,,,,
,,,RBM47,,,,,
,,,TLR2,,,,,
,,,GAGE10,,,,,
,,,H19,,,,,
,,,CXCL3,,,,,
,,,CASP4,,,,,
,,,TFEC,,,,,
,,,SMAGP,,,,,
,,,ANXA3,,,,,
,,,TMEM92,,,,,
,,,LINC00499,,,,,
,,,TES,,,,,
,,,PDLIM1,,,,,
,,,S100A7,,,,,
,,,TMEM71,,,,,
,,,GPR4,,,,,
,,,MT1E,,,,,
,,,S100A10,,,,,
,,,PLA1A,,,,,
,,,HLA-DQA1,,,,,
,,,BMP4,,,,,
,,,GABRR2,,,,,
,,,C3AR1,,,,,
,,,PLAC8,,,,,
,,,RNASE2,,,,,
,,,GLI1,,,,,
,,,LCK,,,,,
,,,ANPEP,,,,,
,,,FNDC11,,,,,
,,,MMP19,,,,,
,,,MSX1,,,,,
,,,TRIM59-IFT80,,,,,
,,,TMEM100,,,,,
,,,SRGN,,,,,
,,,SOCS3,,,,,
,,,SYTL4,,,,,
,,,CCN4,,,,,
,,,LINC02172,,,,,
,,,PCOLCE,,,,,
,,,LINC01736,,,,,
,,,LINC01480,,,,,
,,,PMEL,,,,,
,,,RASSF9,,,,,
,,,RANBP3L,,,,,
,,,CLEC2B,,,,,
,,,RNASE6,,,,,
,,,KLF4,,,,,
,,,IL6,,,,,
,,,LOC286178,,,,,
,,,TUBAL3,,,,,
,,,PLEKHG4B,,,,,
,,,UCN2,,,,,
,,,BMP6,,,,,
,,,CCR2,,,,,
,,,TWIST1,,,,,
,,,JCHAIN,,,,,
,,,HRH4,,,,,
,,,LINC00310,,,,,
,,,THSD4,,,,,
,,,LBP,,,,,
,,,IFNA2,,,,,
,,,NID1,,,,,
,,,CXCL1,,,,,
,,,MEOX2,,,,,
,,,CXCR4,,,,,
,,,MT1M,,,,,
,,,MARVELD3,,,,,
,,,NLRP6,,,,,
,,,LEPR,,,,,
,,,NFE2,,,,,
,,,ADH1B,,,,,
,,,MS4A6A,,,,,
,,,LCN10,,,,,
,,,ANXA2,,,,,
,,,MAP1LC3C,,,,,
,,,CES1,,,,,
,,,SRPX2,,,,,
,,,CEACAM4,,,,,
,,,MCEMP1,,,,,
,,,MT1F,,,,,
,,,SLC7A2,,,,,
,,,P2RY8,,,,,
,,,DCN,,,,,
,,,HOXB2,,,,,
,,,GAS1,,,,,
,,,FOXC1,,,,,
,,,CLEC10A,,,,,
,,,WNT6,,,,,
,,,CST7,,,,,
,,,STEAP4,,,,,
,,,C9orf152,,,,,
,,,F13A1,,,,,
,,,CFH,,,,,
,,,TMEM236,,,,,
,,,PTGER2,,,,,
,,,SLAMF6,,,,,
,,,CLEC4E,,,,,
,,,MT1G,,,,,
,,,LINC01836,,,,,
,,,LINC00887,,,,,
,,,ADGRG3,,,,,
,,,AOX1,,,,,
,,,IGKC,,,,,
,,,MS4A4A,,,,,
,,,C3orf86,,,,,
,,,COL2A1,,,,,
,,,GPX8,,,,,
,,,IL18,,,,,
,,,LYVE1,,,,,
,,,LYZ,,,,,
,,,KRT18,,,,,
,,,KCNE4,,,,,
,,,TEX43,,,,,
,,,EGFLAM,,,,,
,,,BNC2,,,,,
,,,MMRN1,,,,,
,,,TNFRSF11B,,,,,
,,,GPRC5A,,,,,
,,,COL1A2,,,,,
,,,MPZL2,,,,,
,,,LOC102723544,,,,,
,,,FOXD1,,,,,
,,,C7,,,,,
,,,TBX15,,,,,
,,,IGHG1,,,,,
,,,S100A8,,,,,
,,,LILRA5,,,,,
,,,LINC02742,,,,,
,,,MNX1,,,,,
,,,OMD,,,,,
,,,SLC47A1,,,,,
,,,SLC13A4,,,,,
,,,MT1H,,,,,
,,,TLR8,,,,,
,,,MRC1,,,,,
,,,KCNJ15,,,,,
,,,FOXI2,,,,,
,,,FER1L6,,,,,
,,,CXCL6,,,,,
,,,SLC6A20,,,,,
,,,VNN1,,,,,
,,,MLPH,,,,,
,,,FCGR3B,,,,,
,,,VNN2,,,,,
,,,IGHG2,,,,,
,,,FCGR2B,,,,,
,,,DSP,,,,,
,,,GJB2,,,,,
,,,MMP9,,,,,
,,,MARCO,,,,,
,,,SPTLC3,,,,,
,,,FAM20A,,,,,
,,,PPBP,,,,,
,,,SLPI,,,,,
,,,LINC01133,,,,,
,,,C19orf33,,,,,
,,,RIPK4,,,,,
,,,IL1R2,,,,,
,,,S100A12,,,,,
,,,SIX1,,,,,
,,,SIX2,,,,,
,,,SLC16A12,,,,,
,,,WFDC21P,,,,,
,,,UPK1B,,,,,